{
  "hasher_name": "fixed",
  "hasher_class": "FINDHasherFixed",
  "n_images": 100,
  "mean_s": 0.32170236187041157,
  "median_s": 0.32091474500339245,
  "p95_s": 0.362847295600659,
  "max_s": 0.48495445099979406,
  "std_s": 0.03541297712988167,
  "io_split": {
    "mean_full": 0.3261311391664397,
    "mean_compute": 0.30279240753370684,
    "mean_io_plus_decode": 0.023338731632732868,
    "io_fraction": 0.0715624141024511,
    "n": 30
  },
  "scaling": [
    {
      "n": 50,
      "total_s": 15.854788745004043,
      "per_image_s": 0.3170957749000809
    },
    {
      "n": 100,
      "total_s": 33.63289414600149,
      "per_image_s": 0.3363289414600149
    },
    {
      "n": 200,
      "total_s": 73.55028238100203,
      "per_image_s": 0.36775141190501015
    },
    {
      "n": 500,
      "total_s": 161.49586516300042,
      "per_image_s": 0.3229917303260008
    }
  ],
  "per_image_s": 0.32170236187041157,
  "extrapolation_full_archive_hours_1x": 5.00175683294741
}