{
  "hasher_name": "optimized",
  "hasher_class": "FINDHasherOptimized",
  "n_images": 100,
  "mean_s": 0.0050861367797188,
  "median_s": 0.004849946497415658,
  "p95_s": 0.006070134245237568,
  "max_s": 0.01530721699964488,
  "std_s": 0.0011543188769997854,
  "io_split": {
    "mean_full": 0.004875105432680963,
    "mean_compute": 0.003859323766664602,
    "mean_io_plus_decode": 0.0010157816660163613,
    "io_fraction": 0.2083609636843799,
    "n": 30
  },
  "scaling": [
    {
      "n": 50,
      "total_s": 0.26589257799787447,
      "per_image_s": 0.005317851559957489
    },
    {
      "n": 100,
      "total_s": 0.46217395400162786,
      "per_image_s": 0.004621739540016279
    },
    {
      "n": 200,
      "total_s": 0.9039303850004217,
      "per_image_s": 0.004519651925002108
    },
    {
      "n": 500,
      "total_s": 2.2414434470047127,
      "per_image_s": 0.004482886894009426
    }
  ],
  "per_image_s": 0.0050861367797188,
  "extrapolation_full_archive_hours_1x": 0.07907812439845019
}