{
  "hasher_name": "optimized",
  "hasher_class": "FINDHasherOptimized",
  "n_images": 100,
  "mean_s": 0.004635439109624713,
  "median_s": 0.004399600500619272,
  "p95_s": 0.005499147644877666,
  "max_s": 0.015357201998995151,
  "std_s": 0.0012029929599749356,
  "io_split": {
    "mean_full": 0.003299285733131304,
    "mean_compute": 0.0025904351331215974,
    "mean_io_plus_decode": 0.0007088506000097064,
    "io_fraction": 0.21484971516454462,
    "n": 30
  },
  "scaling": [
    {
      "n": 50,
      "total_s": 0.26821330299571855,
      "per_image_s": 0.005364266059914371
    },
    {
      "n": 100,
      "total_s": 0.4115309460030403,
      "per_image_s": 0.004115309460030403
    },
    {
      "n": 200,
      "total_s": 0.821190299000591,
      "per_image_s": 0.004105951495002955
    },
    {
      "n": 500,
      "total_s": 2.1696283070050413,
      "per_image_s": 0.004339256614010083
    }
  ],
  "per_image_s": 0.004635439109624713,
  "extrapolation_full_archive_hours_1x": 0.07207077717886512
}