{
  "hasher_name": "original",
  "hasher_class": "FINDHasher",
  "n_images": 100,
  "mean_s": 0.4640752047807473,
  "median_s": 0.45348442449903814,
  "p95_s": 0.5746713634951447,
  "max_s": 0.6888114550019964,
  "std_s": 0.06673760676005885,
  "io_split": {
    "mean_full": 0.4208536452337285,
    "mean_compute": 0.419041682533134,
    "mean_io_plus_decode": 0.0018119627005944716,
    "io_fraction": 0.004305446135765716,
    "n": 30
  },
  "scaling": [
    {
      "n": 50,
      "total_s": 23.32844642699638,
      "per_image_s": 0.4665689285399276
    },
    {
      "n": 100,
      "total_s": 46.6631031509969,
      "per_image_s": 0.46663103150996904
    },
    {
      "n": 200,
      "total_s": 93.77966107799875,
      "per_image_s": 0.4688983053899938
    },
    {
      "n": 500,
      "total_s": 227.32627394699375,
      "per_image_s": 0.4546525478939875
    }
  ],
  "per_image_s": 0.4640752047807473,
  "extrapolation_full_archive_hours_1x": 7.215338156107775
}