{
  "hasher_name": "original",
  "hasher_class": "FINDHasher",
  "n_images": 100,
  "mean_s": 0.3076518901197414,
  "median_s": 0.30398338950180914,
  "p95_s": 0.33941842964559327,
  "max_s": 0.4032038629957242,
  "std_s": 0.025926551987391352,
  "io_split": {
    "mean_full": 0.3241034879007202,
    "mean_compute": 0.31837479936633223,
    "mean_io_plus_decode": 0.00572868853438796,
    "io_fraction": 0.017675491774228544,
    "n": 30
  },
  "scaling": [
    {
      "n": 50,
      "total_s": 17.837686448998284,
      "per_image_s": 0.35675372897996566
    },
    {
      "n": 100,
      "total_s": 35.93406737800251,
      "per_image_s": 0.3593406737800251
    },
    {
      "n": 200,
      "total_s": 73.33026900600089,
      "per_image_s": 0.36665134503000446
    },
    {
      "n": 500,
      "total_s": 169.28061662300024,
      "per_image_s": 0.33856123324600046
    }
  ],
  "per_image_s": 0.3076518901197414,
  "extrapolation_full_archive_hours_1x": 4.783303220495046
}